log_type,original_column_name,standardized_column_name,notes
aps_ctrl_trig,Log Type,log_type,Standard
aps_ctrl_trig,System,system,Standard
aps_ctrl_trig,TimeStamp,timestamp,Standard
aps_ctrl_trig,Milliseconds/ms,milliseconds_ms,Standard
aps_ctrl_trig,AirAir1State,airair1state,Standard
aps_ctrl_trig,AirAir2State,airair2state,Standard
aps_ctrl_trig,AirAir3State,airair3state,Standard
aps_ctrl_trig,DehumidifierOn,dehumidifieron,Standard
aps_ctrl_trig,RebootApmc,rebootapmc,Standard
aps_ctrl_trig,ApuCtrl1On,apu_ctrl1on,Standard
aps_ctrl_trig,ApuCtrl2On,apu_ctrl2on,Standard
aps_ctrl_trig,ApuCtrl3On,apu_ctrl3on,Standard
aps_ctrl_trig,ApuCtrl4On,apu_ctrl4on,Standard
aps_ctrl_trig,ApuCtrl5On,apu_ctrl5on,Standard
aps_ctrl_trig,ApuCtrl6On,apu_ctrl6on,Standard
aps_ctrl_trig,EnableOn,enableon,Standard
aps_ctrl_trig,HeatingOn,heatingon,Standard
aps_ctrl_trig,WaterAir1State,waterair1state,Standard
aps_ctrl_trig,WaterAir2State,waterair2state,Standard
aps_ctrl_trig,WaterAir3State,waterair3state,Standard
aps_ctrl_trig,WaterPump1,waterpump1,Standard
aps_ctrl_trig,WaterPump2,waterpump2,Standard
aps_ctrl_trig,WaterPump3,waterpump3,Standard
aps_energy,Log Type,log_type,Standard
aps_energy,System,system,Standard
aps_energy,TimeStamp,timestamp,Standard
aps_energy,W_in_APU1/kWh,w_in_apu1_kwh,Standard
aps_energy,W_out_APU1/kWh,w_out_apu1_kwh,Standard
aps_energy,W_in_APU2/kWh,w_in_apu2_kwh,Standard
aps_energy,W_out_APU2/kWh,w_out_apu2_kwh,Standard
aps_energy,W_in_APU3/kWh,w_in_apu3_kwh,Standard
aps_energy,W_out_APU3/kWh,w_out_apu3_kwh,Standard
aps_energy,W_in_APU4/kWh,w_in_apu4_kwh,Standard
aps_energy,W_out_APU4/kWh,w_out_apu4_kwh,Standard
aps_energy,W_in_APU5/kWh,w_in_apu5_kwh,Standard
aps_energy,W_out_APU5/kWh,w_out_apu5_kwh,Standard
aps_energy,W_in_APU6/kWh,w_in_apu6_kwh,Standard
aps_energy,W_out_APU6/kWh,w_out_apu6_kwh,Standard
aps_energy,W_in_APS/kWh,w_in_aps_kwh,Standard
aps_energy,W_out_APS/kWh,w_out_aps_kwh,Standard
aps_stat_60s,Log Type,log_type,Standard
aps_stat_60s,System,system,Standard
aps_stat_60s,TimeStamp,timestamp,Standard
aps_stat_60s,Tamb/°C,tamb_c,Standard
aps_stat_60s,Tpan/°C,tpan_c,Standard
aps_stat_60s,Ttrans/°C,ttrans_c,Standard
aps_stat_60s,Riso12/k,riso12_kohm,Standard
aps_stat_60s,Riso34/kO,riso34_kohm,Standard
aps_stat_60s,Riso56/kO,riso56_kohm,Standard
aps_stat_60s,Cleak12/µF,cleak12_uf,Standard
aps_stat_60s,Cleak34/µF,cleak34_uf,Standard
aps_stat_60s,Cleak56/µF,cleak56_uf,Standard
aps_stat_trig,Log Type,log_type,Standard
aps_stat_trig,System,system,Standard
aps_stat_trig,TimeStamp,timestamp,Standard
aps_stat_trig,Milliseconds/ms,milliseconds_ms,Standard
aps_stat_trig,OpState,opstate,Standard
aps_stat_trig,Error1,error1,Standard
aps_stat_trig,Error2,error2,Standard
aps_stat_trig,Error3,error3,Standard
aps_stat_trig,Error4,error4,Standard
aps_stat_trig,Error5,error5,Standard
aps_stat_trig,Error6,error6,Standard
aps_stat_trig,Error7,error7,Standard
aps_stat_trig,Error8,error8,Standard
aps_stat_trig,Warning1,warning1,Standard
aps_stat_trig,Warning2,warning2,Standard
aps_stat_trig,Warning3,warning3,Standard
aps_stat_trig,Warning4,warning4,Standard
aps_stat_trig,Warning5,warning5,Standard
aps_stat_trig,Warning6,warning6,Standard
aps_stat_trig,Warning7,warning7,Standard
aps_stat_trig,Warning8,warning8,Standard
aps_switching_cycles,Log Type,log_type,Standard
aps_switching_cycles,System,system,Standard
aps_switching_cycles,TimeStamp,timestamp,Standard
aps_switching_cycles,APU1_AC,apu1_a_c,Standard
aps_switching_cycles,APU1_DC,apu1_d_c,Standard
aps_switching_cycles,APU2_AC,apu2_a_c,Standard
aps_switching_cycles,APU2_DC,apu2_d_c,Standard
aps_switching_cycles,APU3_AC,apu3_a_c,Standard
aps_switching_cycles,APU3_DC,apu3_d_c,Standard
aps_switching_cycles,APU4_AC,apu4_a_c,Standard
aps_switching_cycles,APU4_DC,apu4_d_c,Standard
aps_switching_cycles,APU5_AC,apu5_a_c,Standard
aps_switching_cycles,APU5_DC,apu5_d_c,Standard
aps_switching_cycles,APU6_AC,apu6_a_c,Standard
aps_switching_cycles,APU6_DC,apu6_d_c,Standard
apu_ctrl_trig,Log Type,log_type,Standard
apu_ctrl_trig,System,system,Standard
apu_ctrl_trig,TimeStamp,timestamp,Standard
apu_ctrl_trig,Milliseconds/ms,milliseconds_ms,Standard
apu_ctrl_trig,PSetL1/kW,psetl1_kw,Standard
apu_ctrl_trig,PSetL2/kW,psetl2_kw,Standard
apu_ctrl_trig,PSetL3/kW,psetl3_kw,Standard
apu_ctrl_trig,QSetL1/kvar,qsetl1_kvar,Standard
apu_ctrl_trig,QSetL2/kvar,qsetl2_kvar,Standard
apu_ctrl_trig,QSetL3/kvar,qsetl3_kvar,Standard
apu_ctrl_trig,VislSet/V,vislset_v,Standard
apu_ctrl_trig,fislSet/Hz,fislset_hz,Standard
apu_ctrl_trig,OpMode,opmode,Standard
apu_ctrl_trig,CtrlWrd,ctrlwrd,Standard
apu_ctrl_trig,VdcMax/V,vdcmax_v,Standard
apu_ctrl_trig,VdcMin/V,vdcmin_v,Standard
apu_ctrl_trig,IdcMax/V,idc_max_v__needs_domain_confirmation,Requires domain confirmation
apu_ctrl_trig,IdcMin/V,idc_min_v__needs_domain_confirmation,Requires domain confirmation
apu_energy,Log Type,log_type,Standard
apu_energy,System,system,Standard
apu_energy,TimeStamp,timestamp,Standard
apu_energy,CH 1 pos/Ah,ch_1_pos_ah,Standard
apu_energy,CH 1 neg/Ah,ch_1_neg_ah,Standard
apu_energy,CH 2 pos/Ah,ch_2_pos_ah,Standard
apu_energy,CH 2 neg/Ah,ch_2_neg_ah,Standard
apu_energy,CH 3 pos/Ah,ch_3_pos_ah,Standard
apu_energy,CH 3 neg/Ah,ch_3_neg_ah,Standard
apu_energy,CH 4 pos/Ah,ch_4_pos_ah,Standard
apu_energy,CH 4 neg/Ah,ch_4_neg_ah,Standard
apu_energy,CH 5 pos/Ah,ch_5_pos_ah,Standard
apu_energy,CH 5 neg/Ah,ch_5_neg_ah,Standard
apu_energy,CH 6 pos/Ah,ch_6_pos_ah,Standard
apu_energy,CH 6 neg/Ah,ch_6_neg_ah,Standard
apu_energy,CH 7 pos/Ah,ch_7_pos_ah,Standard
apu_energy,CH 7 neg/Ah,ch_7_neg_ah,Standard
apu_energy,CH 8 pos/Ah,ch_8_pos_ah,Standard
apu_energy,CH 8 neg/Ah,ch_8_neg_ah,Standard
apu_energy,CH 9 pos/Ah,ch_9_pos_ah,Standard
apu_energy,CH 9 neg/Ah,ch_9_neg_ah,Standard
apu_energy,CH 10 pos/Ah,ch_10_pos_ah,Standard
apu_energy,CH 10 neg/Ah,ch_10_neg_ah,Standard
apu_energy,CH 11 pos/Ah,ch_11_pos_ah,Standard
apu_energy,CH 11 neg/Ah,ch_11_neg_ah,Standard
apu_energy,CH 12 pos/Ah,ch_12_pos_ah,Standard
apu_energy,CH 12 neg/Ah,ch_12_neg_ah,Standard
apu_stat_10s,Log Type,log_type,Standard
apu_stat_10s,System,system,Standard
apu_stat_10s,TimeStamp,timestamp,Standard
apu_stat_10s,VL1N/V,vl1n_v,Standard
apu_stat_10s,VL2N/V,vl2n_v,Standard
apu_stat_10s,VL3N/V,vl3n_v,Standard
apu_stat_10s,VL12/V,vl12_v,Standard
apu_stat_10s,VL23/V,vl23_v,Standard
apu_stat_10s,VL31/V,vl31_v,Standard
apu_stat_10s,f/Hz,f_hz,Standard
apu_stat_10s,IL1/A,il1_a,Standard
apu_stat_10s,IL2/A,il2_a,Standard
apu_stat_10s,IL3/A,il3_a,Standard
apu_stat_10s,PL1/kW,pl1_kw,Standard
apu_stat_10s,PL2/kW,pl2_kw,Standard
apu_stat_10s,PL3/kW,pl3_kw,Standard
apu_stat_10s,QL1/kvar,ql1_kvar,Standard
apu_stat_10s,QL2/kvar,ql2_kvar,Standard
apu_stat_10s,QL3/kvar,ql3_kvar,Standard
apu_stat_10s,Vdc/V,vdc_v,Standard
apu_stat_10s,Idc/A,idc_a,Standard
apu_stat_10s,Pdc/kW,pdc_kw,Standard
apu_stat_60s,Log Type,log_type,Standard
apu_stat_60s,System,system,Standard
apu_stat_60s,TimeStamp,timestamp,Standard
apu_stat_60s,TInd/°C,tind_c,Standard
apu_stat_60s,TL1/°C,tl1_c,Standard
apu_stat_60s,TL2/°C,tl2_c,Standard
apu_stat_60s,TL3/°C,tl3_c,Standard
apu_stat_60s,TPCB/°C,tp_cb_c,Standard
apu_stat_60s,Hum/%RH,hum_pct_rh,Standard
apu_stat_trig,Log Type,log_type,Standard
apu_stat_trig,System,system,Standard
apu_stat_trig,TimeStamp,timestamp,Standard
apu_stat_trig,Milliseconds/ms,milliseconds_ms,Standard
apu_stat_trig,OpState,opstate,Standard
apu_stat_trig,PL1Lim/kW,pl1lim_kw,Standard
apu_stat_trig,PL2Lim/kW,pl2lim_kw,Standard
apu_stat_trig,PL3Lim/kW,pl3lim_kw,Standard
apu_stat_trig,QL1Lim/kvar,ql1lim_kvar,Standard
apu_stat_trig,QL2Lim/kvar,ql2lim_kvar,Standard
apu_stat_trig,QL3Lim/kvar,ql3lim_kvar,Standard
apu_stat_trig,VdcMaxLim/V,vdcmaxlim_v,Standard
apu_stat_trig,VdcMinLim/V,vdcminlim_v,Standard
apu_stat_trig,IdcMaxLim/A,idcmaxlim_a,Standard
apu_stat_trig,IdcMinLim/A,idcminlim_a,Standard
apu_stat_trig,Error1,error1,Standard
apu_stat_trig,Error2,error2,Standard
apu_stat_trig,Error3,error3,Standard
apu_stat_trig,Error4,error4,Standard
apu_stat_trig,Error5,error5,Standard
apu_stat_trig,Error6,error6,Standard
apu_stat_trig,Error7,error7,Standard
apu_stat_trig,Error8,error8,Standard
weather_report,timestamp,timestamp,Standard
weather_report,global_radiation_w_m2,global_radiation_w_m2,Standard
weather_report,global_humidity_pct_rh,global_humidity_pct_rh,Standard
weather_report,global_temperature_c,global_temperature_c,Standard
weather_report,global_wind_speed_m_s,global_wind_speed_m_s,Standard
weather_report,inv_4_4_air_temp_c,inv_4_4_air_temp_c,Standard
weather_report,inv_4_4_module_1_c,inv_4_4_module_1_c,Standard
weather_report,inv_4_4_module_2_c,inv_4_4_module_2_c,Standard
weather_report,inv_4_4_module_3_c,inv_4_4_module_3_c,Standard
weather_report,inv_4_4_radiation_1_w_m2,inv_4_4_radiation_1_w_m2,Standard
weather_report,inv_4_4_radiation_2_w_m2,inv_4_4_radiation_2_w_m2,Standard
weather_report,inv_8_5_air_temp_c,inv_8_5_air_temp_c,Standard
weather_report,inv_8_5_module_1_c,inv_8_5_module_1_c,Standard
weather_report,inv_8_5_module_2_c,inv_8_5_module_2_c,Standard
weather_report,inv_8_5_module_3_c,inv_8_5_module_3_c,Standard
weather_report,inv_8_5_radiation_1_w_m2,inv_8_5_radiation_1_w_m2,Standard
weather_report,inv_8_5_radiation_2_w_m2,inv_8_5_radiation_2_w_m2,Standard
weather_report,inv_11_5_air_temp_c,inv_11_5_air_temp_c,Standard
weather_report,inv_11_5_module_1_c,inv_11_5_module_1_c,Standard
weather_report,inv_11_5_module_2_c,inv_11_5_module_2_c,Standard
weather_report,inv_11_5_module_3_c,inv_11_5_module_3_c,Standard
weather_report,inv_11_5_radiation_1_w_m2,inv_11_5_radiation_1_w_m2,Standard
weather_report,inv_11_5_radiation_2_w_m2,inv_11_5_radiation_2_w_m2,Standard
weather_report,inv_20_4_air_temp_c,inv_20_4_air_temp_c,Standard
weather_report,inv_20_4_module_1_c,inv_20_4_module_1_c,Standard
weather_report,inv_20_4_module_2_c,inv_20_4_module_2_c,Standard
weather_report,inv_20_4_module_3_c,inv_20_4_module_3_c,Standard
weather_report,inv_20_4_radiation_1_w_m2,inv_20_4_radiation_1_w_m2,Standard
weather_report,inv_20_4_radiation_2_w_m2,inv_20_4_radiation_2_w_m2,Standard
weather_report,inv_2_4_air_temp_c,inv_2_4_air_temp_c,Standard
weather_report,inv_2_4_module_temp_c,inv_2_4_module_temp_c,Standard
weather_report,inv_2_4_radiation_w_m2,inv_2_4_radiation_w_m2,Standard
weather_report,inv_5_4_air_temp_c,inv_5_4_air_temp_c,Standard
weather_report,inv_5_4_module_temp_c,inv_5_4_module_temp_c,Standard
weather_report,inv_5_4_radiation_w_m2,inv_5_4_radiation_w_m2,Standard
weather_report,inv_12_5_air_temp_c,inv_12_5_air_temp_c,Standard
weather_report,inv_12_5_module_temp_c,inv_12_5_module_temp_c,Standard
weather_report,inv_12_5_radiation_w_m2,inv_12_5_radiation_w_m2,Standard
weather_report,inv_13_4_air_temp_c,inv_13_4_air_temp_c,Standard
weather_report,inv_13_4_module_temp_c,inv_13_4_module_temp_c,Standard
weather_report,inv_13_4_radiation_w_m2,inv_13_4_radiation_w_m2,Standard
weather_report,inv_15_4_air_temp_c,inv_15_4_air_temp_c,Standard
weather_report,inv_15_4_module_temp_c,inv_15_4_module_temp_c,Standard
weather_report,inv_15_4_radiation_w_m2,inv_15_4_radiation_w_m2,Standard
weather_report,inv_2_417_4_air_temp_c,inv_2_417_4_air_temp_c,Standard
weather_report,inv_2_417_4_module_temp_c,inv_2_417_4_module_temp_c,Standard
weather_report,inv_2_417_4_radiation_w_m2,inv_2_417_4_radiation_w_m2,Standard
weather_report,inv_18_4_air_temp_c,inv_18_4_air_temp_c,Standard
weather_report,inv_18_4_module_temp_c,inv_18_4_module_temp_c,Standard
weather_report,inv_18_4_radiation_w_m2,inv_18_4_radiation_w_m2,Standard
weather_report,inv_22_4_air_temp_c,inv_22_4_air_temp_c,Standard
weather_report,inv_22_4_module_temp_c,inv_22_4_module_temp_c,Standard
weather_report,inv_22_4_radiation_w_m2,inv_22_4_radiation_w_m2,Standard
power_report,timestamp,timestamp,Standard
power_report,radiation_w_m2,radiation_w_m2,Standard
power_report,block_1_inv_1_ac_kw,block_1_inv_1_ac_kw,Standard
power_report,block_1_inv_1_dc_kw,block_1_inv_1_dc_kw,Standard
power_report,block_1_inv_2_ac_kw,block_1_inv_2_ac_kw,Standard
power_report,block_1_inv_2_dc_kw,block_1_inv_2_dc_kw,Standard
power_report,block_1_inv_3_ac_kw,block_1_inv_3_ac_kw,Standard
power_report,block_1_inv_3_dc_kw,block_1_inv_3_dc_kw,Standard
power_report,block_1_inv_4_ac_kw,block_1_inv_4_ac_kw,Standard
power_report,block_1_inv_4_dc_kw,block_1_inv_4_dc_kw,Standard
power_report,block_2_inv_1_ac_kw,block_2_inv_1_ac_kw,Standard
power_report,block_2_inv_1_dc_kw,block_2_inv_1_dc_kw,Standard
power_report,block_2_inv_2_ac_kw,block_2_inv_2_ac_kw,Standard
power_report,block_2_inv_2_dc_kw,block_2_inv_2_dc_kw,Standard
power_report,block_2_inv_3_ac_kw,block_2_inv_3_ac_kw,Standard
power_report,block_2_inv_3_dc_kw,block_2_inv_3_dc_kw,Standard
power_report,block_2_inv_4_ac_kw,block_2_inv_4_ac_kw,Standard
power_report,block_2_inv_4_dc_kw,block_2_inv_4_dc_kw,Standard
power_report,block_3_inv_1_ac_kw,block_3_inv_1_ac_kw,Standard
power_report,block_3_inv_1_dc_kw,block_3_inv_1_dc_kw,Standard
power_report,block_3_inv_2_ac_kw,block_3_inv_2_ac_kw,Standard
power_report,block_3_inv_2_dc_kw,block_3_inv_2_dc_kw,Standard
power_report,block_3_inv_3_ac_kw,block_3_inv_3_ac_kw,Standard
power_report,block_3_inv_3_dc_kw,block_3_inv_3_dc_kw,Standard
power_report,block_3_inv_4_ac_kw,block_3_inv_4_ac_kw,Standard
power_report,block_3_inv_4_dc_kw,block_3_inv_4_dc_kw,Standard
power_report,block_4_inv_1_ac_kw,block_4_inv_1_ac_kw,Standard
power_report,block_4_inv_1_dc_kw,block_4_inv_1_dc_kw,Standard
power_report,block_4_inv_2_ac_kw,block_4_inv_2_ac_kw,Standard
power_report,block_4_inv_2_dc_kw,block_4_inv_2_dc_kw,Standard
power_report,block_4_inv_3_ac_kw,block_4_inv_3_ac_kw,Standard
power_report,block_4_inv_3_dc_kw,block_4_inv_3_dc_kw,Standard
power_report,block_4_inv_4_ac_kw,block_4_inv_4_ac_kw,Standard
power_report,block_4_inv_4_dc_kw,block_4_inv_4_dc_kw,Standard
power_report,block_5_inv_1_ac_kw,block_5_inv_1_ac_kw,Standard
power_report,block_5_inv_1_dc_kw,block_5_inv_1_dc_kw,Standard
power_report,block_5_inv_2_ac_kw,block_5_inv_2_ac_kw,Standard
power_report,block_5_inv_2_dc_kw,block_5_inv_2_dc_kw,Standard
power_report,block_5_inv_3_ac_kw,block_5_inv_3_ac_kw,Standard
power_report,block_5_inv_3_dc_kw,block_5_inv_3_dc_kw,Standard
power_report,block_5_inv_4_ac_kw,block_5_inv_4_ac_kw,Standard
power_report,block_5_inv_4_dc_kw,block_5_inv_4_dc_kw,Standard
power_report,block_6_inv_1_ac_kw,block_6_inv_1_ac_kw,Standard
power_report,block_6_inv_1_dc_kw,block_6_inv_1_dc_kw,Standard
power_report,block_6_inv_2_ac_kw,block_6_inv_2_ac_kw,Standard
power_report,block_6_inv_2_dc_kw,block_6_inv_2_dc_kw,Standard
power_report,block_6_inv_3_ac_kw,block_6_inv_3_ac_kw,Standard
power_report,block_6_inv_3_dc_kw,block_6_inv_3_dc_kw,Standard
power_report,block_6_inv_4_ac_kw,block_6_inv_4_ac_kw,Standard
power_report,block_6_inv_4_dc_kw,block_6_inv_4_dc_kw,Standard
power_report,block_7_inv_1_ac_kw,block_7_inv_1_ac_kw,Standard
power_report,block_7_inv_1_dc_kw,block_7_inv_1_dc_kw,Standard
power_report,block_7_inv_2_ac_kw,block_7_inv_2_ac_kw,Standard
power_report,block_7_inv_2_dc_kw,block_7_inv_2_dc_kw,Standard
power_report,block_7_inv_3_ac_kw,block_7_inv_3_ac_kw,Standard
power_report,block_7_inv_3_dc_kw,block_7_inv_3_dc_kw,Standard
power_report,block_7_inv_4_ac_kw,block_7_inv_4_ac_kw,Standard
power_report,block_7_inv_4_dc_kw,block_7_inv_4_dc_kw,Standard
power_report,block_7_inv_5_ac_kw,block_7_inv_5_ac_kw,Standard
power_report,block_7_inv_5_dc_kw,block_7_inv_5_dc_kw,Standard
power_report,block_8_inv_1_ac_kw,block_8_inv_1_ac_kw,Standard
power_report,block_8_inv_1_dc_kw,block_8_inv_1_dc_kw,Standard
power_report,block_8_inv_2_ac_kw,block_8_inv_2_ac_kw,Standard
power_report,block_8_inv_2_dc_kw,block_8_inv_2_dc_kw,Standard
power_report,block_8_inv_3_ac_kw,block_8_inv_3_ac_kw,Standard
power_report,block_8_inv_3_dc_kw,block_8_inv_3_dc_kw,Standard
power_report,block_8_inv_4_ac_kw,block_8_inv_4_ac_kw,Standard
power_report,block_8_inv_4_dc_kw,block_8_inv_4_dc_kw,Standard
power_report,block_8_inv_5_ac_kw,block_8_inv_5_ac_kw,Standard
power_report,block_8_inv_5_dc_kw,block_8_inv_5_dc_kw,Standard
power_report,block_9_inv_1_ac_kw,block_9_inv_1_ac_kw,Standard
power_report,block_9_inv_1_dc_kw,block_9_inv_1_dc_kw,Standard
power_report,block_9_inv_2_ac_kw,block_9_inv_2_ac_kw,Standard
power_report,block_9_inv_2_dc_kw,block_9_inv_2_dc_kw,Standard
power_report,block_9_inv_3_ac_kw,block_9_inv_3_ac_kw,Standard
power_report,block_9_inv_3_dc_kw,block_9_inv_3_dc_kw,Standard
power_report,block_9_inv_4_ac_kw,block_9_inv_4_ac_kw,Standard
power_report,block_9_inv_4_dc_kw,block_9_inv_4_dc_kw,Standard
power_report,block_10_inv_1_ac_kw,block_10_inv_1_ac_kw,Standard
power_report,block_10_inv_1_dc_kw,block_10_inv_1_dc_kw,Standard
power_report,block_10_inv_2_ac_kw,block_10_inv_2_ac_kw,Standard
power_report,block_10_inv_2_dc_kw,block_10_inv_2_dc_kw,Standard
power_report,block_10_inv_3_ac_kw,block_10_inv_3_ac_kw,Standard
power_report,block_10_inv_3_dc_kw,block_10_inv_3_dc_kw,Standard
power_report,block_10_inv_4_ac_kw,block_10_inv_4_ac_kw,Standard
power_report,block_10_inv_4_dc_kw,block_10_inv_4_dc_kw,Standard
power_report,block_10_inv_5_ac_kw,block_10_inv_5_ac_kw,Standard
power_report,block_10_inv_5_dc_kw,block_10_inv_5_dc_kw,Standard
power_report,block_11_inv_1_ac_kw,block_11_inv_1_ac_kw,Standard
power_report,block_11_inv_1_dc_kw,block_11_inv_1_dc_kw,Standard
power_report,block_11_inv_2_ac_kw,block_11_inv_2_ac_kw,Standard
power_report,block_11_inv_2_dc_kw,block_11_inv_2_dc_kw,Standard
power_report,block_11_inv_3_ac_kw,block_11_inv_3_ac_kw,Standard
power_report,block_11_inv_3_dc_kw,block_11_inv_3_dc_kw,Standard
power_report,block_11_inv_4_ac_kw,block_11_inv_4_ac_kw,Standard
power_report,block_11_inv_4_dc_kw,block_11_inv_4_dc_kw,Standard
power_report,block_11_inv_5_ac_kw,block_11_inv_5_ac_kw,Standard
power_report,block_11_inv_5_dc_kw,block_11_inv_5_dc_kw,Standard
power_report,block_12_inv_1_ac_kw,block_12_inv_1_ac_kw,Standard
power_report,block_12_inv_1_dc_kw,block_12_inv_1_dc_kw,Standard
power_report,block_12_inv_2_ac_kw,block_12_inv_2_ac_kw,Standard
power_report,block_12_inv_2_dc_kw,block_12_inv_2_dc_kw,Standard
power_report,block_12_inv_3_ac_kw,block_12_inv_3_ac_kw,Standard
power_report,block_12_inv_3_dc_kw,block_12_inv_3_dc_kw,Standard
power_report,block_12_inv_4_ac_kw,block_12_inv_4_ac_kw,Standard
power_report,block_12_inv_4_dc_kw,block_12_inv_4_dc_kw,Standard
power_report,block_12_inv_5_ac_kw,block_12_inv_5_ac_kw,Standard
power_report,block_12_inv_5_dc_kw,block_12_inv_5_dc_kw,Standard
power_report,block_13_inv_1_ac_kw,block_13_inv_1_ac_kw,Standard
power_report,block_13_inv_1_dc_kw,block_13_inv_1_dc_kw,Standard
power_report,block_13_inv_2_ac_kw,block_13_inv_2_ac_kw,Standard
power_report,block_13_inv_2_dc_kw,block_13_inv_2_dc_kw,Standard
power_report,block_13_inv_3_ac_kw,block_13_inv_3_ac_kw,Standard
power_report,block_13_inv_3_dc_kw,block_13_inv_3_dc_kw,Standard
power_report,block_13_inv_4_ac_kw,block_13_inv_4_ac_kw,Standard
power_report,block_13_inv_4_dc_kw,block_13_inv_4_dc_kw,Standard
power_report,block_14_inv_1_ac_kw,block_14_inv_1_ac_kw,Standard
power_report,block_14_inv_1_dc_kw,block_14_inv_1_dc_kw,Standard
power_report,block_14_inv_2_ac_kw,block_14_inv_2_ac_kw,Standard
power_report,block_14_inv_2_dc_kw,block_14_inv_2_dc_kw,Standard
power_report,block_14_inv_3_ac_kw,block_14_inv_3_ac_kw,Standard
power_report,block_14_inv_3_dc_kw,block_14_inv_3_dc_kw,Standard
power_report,block_14_inv_4_ac_kw,block_14_inv_4_ac_kw,Standard
power_report,block_14_inv_4_dc_kw,block_14_inv_4_dc_kw,Standard
power_report,block_15_inv_1_ac_kw,block_15_inv_1_ac_kw,Standard
power_report,block_15_inv_1_dc_kw,block_15_inv_1_dc_kw,Standard
power_report,block_15_inv_2_ac_kw,block_15_inv_2_ac_kw,Standard
power_report,block_15_inv_2_dc_kw,block_15_inv_2_dc_kw,Standard
power_report,block_15_inv_3_ac_kw,block_15_inv_3_ac_kw,Standard
power_report,block_15_inv_3_dc_kw,block_15_inv_3_dc_kw,Standard
power_report,block_15_inv_4_ac_kw,block_15_inv_4_ac_kw,Standard
power_report,block_15_inv_4_dc_kw,block_15_inv_4_dc_kw,Standard
power_report,block_16_inv_1_ac_kw,block_16_inv_1_ac_kw,Standard
power_report,block_16_inv_1_dc_kw,block_16_inv_1_dc_kw,Standard
power_report,block_16_inv_2_ac_kw,block_16_inv_2_ac_kw,Standard
power_report,block_16_inv_2_dc_kw,block_16_inv_2_dc_kw,Standard
power_report,block_16_inv_3_ac_kw,block_16_inv_3_ac_kw,Standard
power_report,block_16_inv_3_dc_kw,block_16_inv_3_dc_kw,Standard
power_report,block_16_inv_4_ac_kw,block_16_inv_4_ac_kw,Standard
power_report,block_16_inv_4_dc_kw,block_16_inv_4_dc_kw,Standard
power_report,block_17_inv_1_ac_kw,block_17_inv_1_ac_kw,Standard
power_report,block_17_inv_1_dc_kw,block_17_inv_1_dc_kw,Standard
power_report,block_17_inv_2_ac_kw,block_17_inv_2_ac_kw,Standard
power_report,block_17_inv_2_dc_kw,block_17_inv_2_dc_kw,Standard
power_report,block_17_inv_3_ac_kw,block_17_inv_3_ac_kw,Standard
power_report,block_17_inv_3_dc_kw,block_17_inv_3_dc_kw,Standard
power_report,block_17_inv_4_ac_kw,block_17_inv_4_ac_kw,Standard
power_report,block_17_inv_4_dc_kw,block_17_inv_4_dc_kw,Standard
power_report,block_18_inv_1_ac_kw,block_18_inv_1_ac_kw,Standard
power_report,block_18_inv_1_dc_kw,block_18_inv_1_dc_kw,Standard
power_report,block_18_inv_2_ac_kw,block_18_inv_2_ac_kw,Standard
power_report,block_18_inv_2_dc_kw,block_18_inv_2_dc_kw,Standard
power_report,block_18_inv_3_ac_kw,block_18_inv_3_ac_kw,Standard
power_report,block_18_inv_3_dc_kw,block_18_inv_3_dc_kw,Standard
power_report,block_18_inv_4_ac_kw,block_18_inv_4_ac_kw,Standard
power_report,block_18_inv_4_dc_kw,block_18_inv_4_dc_kw,Standard
power_report,block_19_inv_1_ac_kw,block_19_inv_1_ac_kw,Standard
power_report,block_19_inv_1_dc_kw,block_19_inv_1_dc_kw,Standard
power_report,block_19_inv_2_ac_kw,block_19_inv_2_ac_kw,Standard
power_report,block_19_inv_2_dc_kw,block_19_inv_2_dc_kw,Standard
power_report,block_19_inv_3_ac_kw,block_19_inv_3_ac_kw,Standard
power_report,block_19_inv_3_dc_kw,block_19_inv_3_dc_kw,Standard
power_report,block_19_inv_4_ac_kw,block_19_inv_4_ac_kw,Standard
power_report,block_19_inv_4_dc_kw,block_19_inv_4_dc_kw,Standard
power_report,block_20_inv_1_ac_kw,block_20_inv_1_ac_kw,Standard
power_report,block_20_inv_1_dc_kw,block_20_inv_1_dc_kw,Standard
power_report,block_20_inv_2_ac_kw,block_20_inv_2_ac_kw,Standard
power_report,block_20_inv_2_dc_kw,block_20_inv_2_dc_kw,Standard
power_report,block_20_inv_3_ac_kw,block_20_inv_3_ac_kw,Standard
power_report,block_20_inv_3_dc_kw,block_20_inv_3_dc_kw,Standard
power_report,block_20_inv_4_ac_kw,block_20_inv_4_ac_kw,Standard
power_report,block_20_inv_4_dc_kw,block_20_inv_4_dc_kw,Standard
power_report,block_21_inv_1_ac_kw,block_21_inv_1_ac_kw,Standard
power_report,block_21_inv_1_dc_kw,block_21_inv_1_dc_kw,Standard
power_report,block_21_inv_2_ac_kw,block_21_inv_2_ac_kw,Standard
power_report,block_21_inv_2_dc_kw,block_21_inv_2_dc_kw,Standard
power_report,block_21_inv_3_ac_kw,block_21_inv_3_ac_kw,Standard
power_report,block_21_inv_3_dc_kw,block_21_inv_3_dc_kw,Standard
power_report,block_21_inv_4_ac_kw,block_21_inv_4_ac_kw,Standard
power_report,block_21_inv_4_dc_kw,block_21_inv_4_dc_kw,Standard
power_report,block_22_inv_1_ac_kw,block_22_inv_1_ac_kw,Standard
power_report,block_22_inv_1_dc_kw,block_22_inv_1_dc_kw,Standard
power_report,block_22_inv_2_ac_kw,block_22_inv_2_ac_kw,Standard
power_report,block_22_inv_2_dc_kw,block_22_inv_2_dc_kw,Standard
power_report,block_22_inv_3_ac_kw,block_22_inv_3_ac_kw,Standard
power_report,block_22_inv_3_dc_kw,block_22_inv_3_dc_kw,Standard
power_report,block_22_inv_4_ac_kw,block_22_inv_4_ac_kw,Standard
power_report,block_22_inv_4_dc_kw,block_22_inv_4_dc_kw,Standard
power_report,block_23_inv_1_ac_kw,block_23_inv_1_ac_kw,Standard
power_report,block_23_inv_1_dc_kw,block_23_inv_1_dc_kw,Standard
power_report,block_23_inv_2_ac_kw,block_23_inv_2_ac_kw,Standard
power_report,block_23_inv_2_dc_kw,block_23_inv_2_dc_kw,Standard
power_report,block_23_inv_3_ac_kw,block_23_inv_3_ac_kw,Standard
power_report,block_23_inv_3_dc_kw,block_23_inv_3_dc_kw,Standard
power_report,block_23_inv_4_ac_kw,block_23_inv_4_ac_kw,Standard
power_report,block_23_inv_4_dc_kw,block_23_inv_4_dc_kw,Standard
power_report,block_24_inv_1_ac_kw,block_24_inv_1_ac_kw,Standard
power_report,block_24_inv_1_dc_kw,block_24_inv_1_dc_kw,Standard
power_report,block_24_inv_2_ac_kw,block_24_inv_2_ac_kw,Standard
power_report,block_24_inv_2_dc_kw,block_24_inv_2_dc_kw,Standard
power_report,block_24_inv_3_ac_kw,block_24_inv_3_ac_kw,Standard
power_report,block_24_inv_3_dc_kw,block_24_inv_3_dc_kw,Standard
power_report,block_24_inv_4_ac_kw,block_24_inv_4_ac_kw,Standard
power_report,block_24_inv_4_dc_kw,block_24_inv_4_dc_kw,Standard
power_report,block_24_inv_5_ac_kw,block_24_inv_5_ac_kw,Standard
power_report,block_24_inv_5_dc_kw,block_24_inv_5_dc_kw,Standard
energy_report,timestamp,timestamp,Standard
energy_report,block_1_inv_1_mwh,block_1_inv_1_mwh,Standard
energy_report,block_1_inv_2_mwh,block_1_inv_2_mwh,Standard
energy_report,block_1_inv_3_mwh,block_1_inv_3_mwh,Standard
energy_report,block_1_inv_4_mwh,block_1_inv_4_mwh,Standard
energy_report,block_2_inv_1_mwh,block_2_inv_1_mwh,Standard
energy_report,block_2_inv_2_mwh,block_2_inv_2_mwh,Standard
energy_report,block_2_inv_3_mwh,block_2_inv_3_mwh,Standard
energy_report,block_2_inv_4_mwh,block_2_inv_4_mwh,Standard
energy_report,block_3_inv_1_mwh,block_3_inv_1_mwh,Standard
energy_report,block_3_inv_2_mwh,block_3_inv_2_mwh,Standard
energy_report,block_3_inv_3_mwh,block_3_inv_3_mwh,Standard
energy_report,block_3_inv_4_mwh,block_3_inv_4_mwh,Standard
energy_report,block_4_inv_1_mwh,block_4_inv_1_mwh,Standard
energy_report,block_4_inv_2_mwh,block_4_inv_2_mwh,Standard
energy_report,block_4_inv_3_mwh,block_4_inv_3_mwh,Standard
energy_report,block_4_inv_4_mwh,block_4_inv_4_mwh,Standard
energy_report,block_5_inv_1_mwh,block_5_inv_1_mwh,Standard
energy_report,block_5_inv_2_mwh,block_5_inv_2_mwh,Standard
energy_report,block_5_inv_3_mwh,block_5_inv_3_mwh,Standard
energy_report,block_5_inv_4_mwh,block_5_inv_4_mwh,Standard
energy_report,block_6_inv_1_mwh,block_6_inv_1_mwh,Standard
energy_report,block_6_inv_2_mwh,block_6_inv_2_mwh,Standard
energy_report,block_6_inv_3_mwh,block_6_inv_3_mwh,Standard
energy_report,block_6_inv_4_mwh,block_6_inv_4_mwh,Standard
energy_report,block_7_inv_1_mwh,block_7_inv_1_mwh,Standard
energy_report,block_7_inv_2_mwh,block_7_inv_2_mwh,Standard
energy_report,block_7_inv_3_mwh,block_7_inv_3_mwh,Standard
energy_report,block_7_inv_4_mwh,block_7_inv_4_mwh,Standard
energy_report,block_7_inv_5_mwh,block_7_inv_5_mwh,Standard
energy_report,block_8_inv_1_mwh,block_8_inv_1_mwh,Standard
energy_report,block_8_inv_2_mwh,block_8_inv_2_mwh,Standard
energy_report,block_8_inv_3_mwh,block_8_inv_3_mwh,Standard
energy_report,block_8_inv_4_mwh,block_8_inv_4_mwh,Standard
energy_report,block_8_inv_5_mwh,block_8_inv_5_mwh,Standard
energy_report,block_9_inv_1_mwh,block_9_inv_1_mwh,Standard
energy_report,block_9_inv_2_mwh,block_9_inv_2_mwh,Standard
energy_report,block_9_inv_3_mwh,block_9_inv_3_mwh,Standard
energy_report,block_9_inv_4_mwh,block_9_inv_4_mwh,Standard
energy_report,block_10_inv_1_mwh,block_10_inv_1_mwh,Standard
energy_report,block_10_inv_2_mwh,block_10_inv_2_mwh,Standard
energy_report,block_10_inv_3_mwh,block_10_inv_3_mwh,Standard
energy_report,block_10_inv_4_mwh,block_10_inv_4_mwh,Standard
energy_report,block_10_inv_5_mwh,block_10_inv_5_mwh,Standard
energy_report,block_11_inv_1_mwh,block_11_inv_1_mwh,Standard
energy_report,block_11_inv_2_mwh,block_11_inv_2_mwh,Standard
energy_report,block_11_inv_3_mwh,block_11_inv_3_mwh,Standard
energy_report,block_11_inv_4_mwh,block_11_inv_4_mwh,Standard
energy_report,block_11_inv_5_mwh,block_11_inv_5_mwh,Standard
energy_report,block_12_inv_1_mwh,block_12_inv_1_mwh,Standard
energy_report,block_12_inv_2_mwh,block_12_inv_2_mwh,Standard
energy_report,block_12_inv_3_mwh,block_12_inv_3_mwh,Standard
energy_report,block_12_inv_4_mwh,block_12_inv_4_mwh,Standard
energy_report,block_12_inv_5_mwh,block_12_inv_5_mwh,Standard
energy_report,block_13_inv_1_mwh,block_13_inv_1_mwh,Standard
energy_report,block_13_inv_2_mwh,block_13_inv_2_mwh,Standard
energy_report,block_13_inv_3_mwh,block_13_inv_3_mwh,Standard
energy_report,block_13_inv_4_mwh,block_13_inv_4_mwh,Standard
energy_report,block_14_inv_1_mwh,block_14_inv_1_mwh,Standard
energy_report,block_14_inv_2_mwh,block_14_inv_2_mwh,Standard
energy_report,block_14_inv_3_mwh,block_14_inv_3_mwh,Standard
energy_report,block_14_inv_4_mwh,block_14_inv_4_mwh,Standard
energy_report,block_15_inv_1_mwh,block_15_inv_1_mwh,Standard
energy_report,block_15_inv_2_mwh,block_15_inv_2_mwh,Standard
energy_report,block_15_inv_3_mwh,block_15_inv_3_mwh,Standard
energy_report,block_15_inv_4_mwh,block_15_inv_4_mwh,Standard
energy_report,block_16_inv_1_mwh,block_16_inv_1_mwh,Standard
energy_report,block_16_inv_2_mwh,block_16_inv_2_mwh,Standard
energy_report,block_16_inv_3_mwh,block_16_inv_3_mwh,Standard
energy_report,block_16_inv_4_mwh,block_16_inv_4_mwh,Standard
energy_report,block_17_inv_1_mwh,block_17_inv_1_mwh,Standard
energy_report,block_17_inv_2_mwh,block_17_inv_2_mwh,Standard
energy_report,block_17_inv_3_mwh,block_17_inv_3_mwh,Standard
energy_report,block_17_inv_4_mwh,block_17_inv_4_mwh,Standard
energy_report,block_18_inv_1_mwh,block_18_inv_1_mwh,Standard
energy_report,block_18_inv_2_mwh,block_18_inv_2_mwh,Standard
energy_report,block_18_inv_3_mwh,block_18_inv_3_mwh,Standard
energy_report,block_18_inv_4_mwh,block_18_inv_4_mwh,Standard
energy_report,block_19_inv_1_mwh,block_19_inv_1_mwh,Standard
energy_report,block_19_inv_2_mwh,block_19_inv_2_mwh,Standard
energy_report,block_19_inv_3_mwh,block_19_inv_3_mwh,Standard
energy_report,block_19_inv_4_mwh,block_19_inv_4_mwh,Standard
energy_report,block_20_inv_1_mwh,block_20_inv_1_mwh,Standard
energy_report,block_20_inv_2_mwh,block_20_inv_2_mwh,Standard
energy_report,block_20_inv_3_mwh,block_20_inv_3_mwh,Standard
energy_report,block_20_inv_4_mwh,block_20_inv_4_mwh,Standard
energy_report,block_21_inv_1_mwh,block_21_inv_1_mwh,Standard
energy_report,block_21_inv_2_mwh,block_21_inv_2_mwh,Standard
energy_report,block_21_inv_3_mwh,block_21_inv_3_mwh,Standard
energy_report,block_21_inv_4_mwh,block_21_inv_4_mwh,Standard
energy_report,block_22_inv_1_mwh,block_22_inv_1_mwh,Standard
energy_report,block_22_inv_2_mwh,block_22_inv_2_mwh,Standard
energy_report,block_22_inv_3_mwh,block_22_inv_3_mwh,Standard
energy_report,block_22_inv_4_mwh,block_22_inv_4_mwh,Standard
energy_report,block_23_inv_1_mwh,block_23_inv_1_mwh,Standard
energy_report,block_23_inv_2_mwh,block_23_inv_2_mwh,Standard
energy_report,block_23_inv_3_mwh,block_23_inv_3_mwh,Standard
energy_report,block_23_inv_4_mwh,block_23_inv_4_mwh,Standard
energy_report,block_24_inv_1_mwh,block_24_inv_1_mwh,Standard
energy_report,block_24_inv_2_mwh,block_24_inv_2_mwh,Standard
energy_report,block_24_inv_3_mwh,block_24_inv_3_mwh,Standard
energy_report,block_24_inv_4_mwh,block_24_inv_4_mwh,Standard
energy_report,block_24_inv_5_mwh,block_24_inv_5_mwh,Standard
