log_type,column_name,missing_count,missing_rate_pct,classification
aps_ctrl_trig,log_type,0,0.0,None (0%)
aps_ctrl_trig,system,0,0.0,None (0%)
aps_ctrl_trig,timestamp,0,0.0,None (0%)
aps_ctrl_trig,milliseconds_ms,0,0.0,None (0%)
aps_ctrl_trig,airair1state,0,0.0,None (0%)
aps_ctrl_trig,airair2state,0,0.0,None (0%)
aps_ctrl_trig,airair3state,0,0.0,None (0%)
aps_ctrl_trig,dehumidifieron,0,0.0,None (0%)
aps_ctrl_trig,rebootapmc,0,0.0,None (0%)
aps_ctrl_trig,apu_ctrl1on,0,0.0,None (0%)
aps_ctrl_trig,apu_ctrl2on,0,0.0,None (0%)
aps_ctrl_trig,apu_ctrl3on,0,0.0,None (0%)
aps_ctrl_trig,apu_ctrl4on,0,0.0,None (0%)
aps_ctrl_trig,apu_ctrl5on,0,0.0,None (0%)
aps_ctrl_trig,apu_ctrl6on,0,0.0,None (0%)
aps_ctrl_trig,enableon,0,0.0,None (0%)
aps_ctrl_trig,heatingon,0,0.0,None (0%)
aps_ctrl_trig,waterair1state,0,0.0,None (0%)
aps_ctrl_trig,waterair2state,0,0.0,None (0%)
aps_ctrl_trig,waterair3state,0,0.0,None (0%)
aps_ctrl_trig,waterpump1,0,0.0,None (0%)
aps_ctrl_trig,waterpump2,0,0.0,None (0%)
aps_ctrl_trig,waterpump3,0,0.0,None (0%)
aps_ctrl_trig,is_sensor_fault,0,0.0,None (0%)
aps_energy,log_type,0,0.0,None (0%)
aps_energy,system,0,0.0,None (0%)
aps_energy,timestamp,0,0.0,None (0%)
aps_energy,w_in_apu1_kwh,0,0.0,None (0%)
aps_energy,w_out_apu1_kwh,0,0.0,None (0%)
aps_energy,w_in_apu2_kwh,0,0.0,None (0%)
aps_energy,w_out_apu2_kwh,0,0.0,None (0%)
aps_energy,w_in_apu3_kwh,0,0.0,None (0%)
aps_energy,w_out_apu3_kwh,0,0.0,None (0%)
aps_energy,w_in_apu4_kwh,0,0.0,None (0%)
aps_energy,w_out_apu4_kwh,0,0.0,None (0%)
aps_energy,w_in_apu5_kwh,0,0.0,Systematic (Unused hardware channels)
aps_energy,w_out_apu5_kwh,0,0.0,Systematic (Unused hardware channels)
aps_energy,w_in_apu6_kwh,0,0.0,Systematic (Unused hardware channels)
aps_energy,w_out_apu6_kwh,0,0.0,Systematic (Unused hardware channels)
aps_energy,w_in_aps_kwh,0,0.0,None (0%)
aps_energy,w_out_aps_kwh,0,0.0,None (0%)
aps_energy,is_sensor_fault,0,0.0,None (0%)
aps_stat_60s,log_type,0,0.0,None (0%)
aps_stat_60s,system,0,0.0,None (0%)
aps_stat_60s,timestamp,0,0.0,None (0%)
aps_stat_60s,tamb_c,0,0.0,None (0%)
aps_stat_60s,tpan_c,0,0.0,None (0%)
aps_stat_60s,ttrans_c,0,0.0,None (0%)
aps_stat_60s,riso12_kohm,0,0.0,None (0%)
aps_stat_60s,riso34_kohm,0,0.0,None (0%)
aps_stat_60s,riso56_kohm,0,0.0,Systematic (Unused hardware channels)
aps_stat_60s,cleak12_uf,0,0.0,None (0%)
aps_stat_60s,cleak34_uf,0,0.0,None (0%)
aps_stat_60s,cleak56_uf,0,0.0,Systematic (Unused hardware channels)
aps_stat_60s,is_sensor_fault,0,0.0,None (0%)
aps_stat_trig,log_type,0,0.0,None (0%)
aps_stat_trig,system,0,0.0,None (0%)
aps_stat_trig,timestamp,0,0.0,None (0%)
aps_stat_trig,milliseconds_ms,0,0.0,None (0%)
aps_stat_trig,opstate,0,0.0,None (0%)
aps_stat_trig,error1,0,0.0,None (0%)
aps_stat_trig,error2,0,0.0,None (0%)
aps_stat_trig,error3,0,0.0,None (0%)
aps_stat_trig,error4,0,0.0,None (0%)
aps_stat_trig,error5,0,0.0,None (0%)
aps_stat_trig,error6,0,0.0,None (0%)
aps_stat_trig,error7,0,0.0,None (0%)
aps_stat_trig,error8,0,0.0,None (0%)
aps_stat_trig,warning1,0,0.0,None (0%)
aps_stat_trig,warning2,0,0.0,None (0%)
aps_stat_trig,warning3,0,0.0,None (0%)
aps_stat_trig,warning4,0,0.0,None (0%)
aps_stat_trig,warning5,0,0.0,None (0%)
aps_stat_trig,warning6,0,0.0,None (0%)
aps_stat_trig,warning7,0,0.0,None (0%)
aps_stat_trig,warning8,0,0.0,None (0%)
aps_stat_trig,is_sensor_fault,0,0.0,None (0%)
aps_switching_cycles,log_type,0,0.0,None (0%)
aps_switching_cycles,system,0,0.0,None (0%)
aps_switching_cycles,timestamp,0,0.0,None (0%)
aps_switching_cycles,apu1_a_c,0,0.0,None (0%)
aps_switching_cycles,apu1_d_c,0,0.0,None (0%)
aps_switching_cycles,apu2_a_c,0,0.0,None (0%)
aps_switching_cycles,apu2_d_c,0,0.0,None (0%)
aps_switching_cycles,apu3_a_c,0,0.0,None (0%)
aps_switching_cycles,apu3_d_c,0,0.0,None (0%)
aps_switching_cycles,apu4_a_c,0,0.0,None (0%)
aps_switching_cycles,apu4_d_c,0,0.0,None (0%)
aps_switching_cycles,apu5_a_c,0,0.0,Systematic (Unused hardware channels)
aps_switching_cycles,apu5_d_c,0,0.0,Systematic (Unused hardware channels)
aps_switching_cycles,apu6_a_c,0,0.0,Systematic (Unused hardware channels)
aps_switching_cycles,apu6_d_c,0,0.0,Systematic (Unused hardware channels)
aps_switching_cycles,is_sensor_fault,0,0.0,None (0%)
apu_ctrl_trig,log_type,0,0.0,None (0%)
apu_ctrl_trig,system,0,0.0,None (0%)
apu_ctrl_trig,timestamp,0,0.0,None (0%)
apu_ctrl_trig,milliseconds_ms,0,0.0,None (0%)
apu_ctrl_trig,psetl1_kw,0,0.0,None (0%)
apu_ctrl_trig,psetl2_kw,0,0.0,None (0%)
apu_ctrl_trig,psetl3_kw,0,0.0,None (0%)
apu_ctrl_trig,qsetl1_kvar,0,0.0,None (0%)
apu_ctrl_trig,qsetl2_kvar,0,0.0,None (0%)
apu_ctrl_trig,qsetl3_kvar,0,0.0,None (0%)
apu_ctrl_trig,vislset_v,0,0.0,None (0%)
apu_ctrl_trig,fislset_hz,0,0.0,None (0%)
apu_ctrl_trig,opmode,0,0.0,None (0%)
apu_ctrl_trig,ctrlwrd,0,0.0,None (0%)
apu_ctrl_trig,vdcmax_v,0,0.0,None (0%)
apu_ctrl_trig,vdcmin_v,0,0.0,None (0%)
apu_ctrl_trig,idc_max_v__needs_domain_confirmation,0,0.0,None (0%)
apu_ctrl_trig,idc_min_v__needs_domain_confirmation,0,0.0,None (0%)
apu_ctrl_trig,is_sensor_fault,0,0.0,None (0%)
apu_energy,log_type,0,0.0,None (0%)
apu_energy,system,0,0.0,None (0%)
apu_energy,timestamp,0,0.0,None (0%)
apu_energy,ch_1_pos_ah,0,0.0,None (0%)
apu_energy,ch_1_neg_ah,0,0.0,None (0%)
apu_energy,ch_2_pos_ah,0,0.0,None (0%)
apu_energy,ch_2_neg_ah,0,0.0,None (0%)
apu_energy,ch_3_pos_ah,0,0.0,None (0%)
apu_energy,ch_3_neg_ah,0,0.0,None (0%)
apu_energy,ch_4_pos_ah,0,0.0,None (0%)
apu_energy,ch_4_neg_ah,0,0.0,None (0%)
apu_energy,ch_5_pos_ah,0,0.0,None (0%)
apu_energy,ch_5_neg_ah,0,0.0,None (0%)
apu_energy,ch_6_pos_ah,0,0.0,None (0%)
apu_energy,ch_6_neg_ah,0,0.0,None (0%)
apu_energy,ch_7_pos_ah,0,0.0,None (0%)
apu_energy,ch_7_neg_ah,0,0.0,None (0%)
apu_energy,ch_8_pos_ah,0,0.0,None (0%)
apu_energy,ch_8_neg_ah,0,0.0,None (0%)
apu_energy,ch_9_pos_ah,0,0.0,None (0%)
apu_energy,ch_9_neg_ah,0,0.0,None (0%)
apu_energy,ch_10_pos_ah,0,0.0,None (0%)
apu_energy,ch_10_neg_ah,0,0.0,None (0%)
apu_energy,ch_11_pos_ah,0,0.0,None (0%)
apu_energy,ch_11_neg_ah,0,0.0,None (0%)
apu_energy,ch_12_pos_ah,0,0.0,None (0%)
apu_energy,ch_12_neg_ah,0,0.0,None (0%)
apu_energy,is_sensor_fault,0,0.0,None (0%)
apu_stat_10s,log_type,0,0.0,None (0%)
apu_stat_10s,system,0,0.0,None (0%)
apu_stat_10s,timestamp,0,0.0,None (0%)
apu_stat_10s,timestamp_original,0,0.0,None (0%)
apu_stat_10s,vl1n_v,0,0.0,None (0%)
apu_stat_10s,vl2n_v,0,0.0,None (0%)
apu_stat_10s,vl3n_v,0,0.0,None (0%)
apu_stat_10s,vl12_v,0,0.0,None (0%)
apu_stat_10s,vl23_v,0,0.0,None (0%)
apu_stat_10s,vl31_v,0,0.0,None (0%)
apu_stat_10s,f_hz,0,0.0,None (0%)
apu_stat_10s,il1_a,0,0.0,None (0%)
apu_stat_10s,il2_a,0,0.0,None (0%)
apu_stat_10s,il3_a,0,0.0,None (0%)
apu_stat_10s,pl1_kw,0,0.0,None (0%)
apu_stat_10s,pl2_kw,0,0.0,None (0%)
apu_stat_10s,pl3_kw,0,0.0,None (0%)
apu_stat_10s,ql1_kvar,0,0.0,None (0%)
apu_stat_10s,ql2_kvar,0,0.0,None (0%)
apu_stat_10s,ql3_kvar,0,0.0,None (0%)
apu_stat_10s,vdc_v,0,0.0,None (0%)
apu_stat_10s,idc_a,0,0.0,None (0%)
apu_stat_10s,pdc_kw,0,0.0,None (0%)
apu_stat_10s,is_sensor_fault,0,0.0,None (0%)
apu_stat_60s,log_type,0,0.0,None (0%)
apu_stat_60s,system,0,0.0,None (0%)
apu_stat_60s,timestamp,0,0.0,None (0%)
apu_stat_60s,tind_c,0,0.0,None (0%)
apu_stat_60s,tl1_c,0,0.0,None (0%)
apu_stat_60s,tl2_c,0,0.0,None (0%)
apu_stat_60s,tl3_c,0,0.0,None (0%)
apu_stat_60s,tp_cb_c,0,0.0,None (0%)
apu_stat_60s,hum_pct_rh,0,0.0,None (0%)
apu_stat_60s,is_sensor_fault,0,0.0,None (0%)
apu_stat_trig,log_type,0,0.0,None (0%)
apu_stat_trig,system,0,0.0,None (0%)
apu_stat_trig,timestamp,0,0.0,None (0%)
apu_stat_trig,milliseconds_ms,0,0.0,None (0%)
apu_stat_trig,opstate,0,0.0,None (0%)
apu_stat_trig,pl1lim_kw,0,0.0,None (0%)
apu_stat_trig,pl2lim_kw,0,0.0,None (0%)
apu_stat_trig,pl3lim_kw,0,0.0,None (0%)
apu_stat_trig,ql1lim_kvar,0,0.0,None (0%)
apu_stat_trig,ql2lim_kvar,0,0.0,None (0%)
apu_stat_trig,ql3lim_kvar,0,0.0,None (0%)
apu_stat_trig,vdcmaxlim_v,0,0.0,None (0%)
apu_stat_trig,vdcminlim_v,0,0.0,None (0%)
apu_stat_trig,idcmaxlim_a,0,0.0,None (0%)
apu_stat_trig,idcminlim_a,0,0.0,None (0%)
apu_stat_trig,error1,0,0.0,None (0%)
apu_stat_trig,error2,0,0.0,None (0%)
apu_stat_trig,error3,0,0.0,None (0%)
apu_stat_trig,error4,0,0.0,None (0%)
apu_stat_trig,error5,0,0.0,None (0%)
apu_stat_trig,error6,0,0.0,None (0%)
apu_stat_trig,error7,0,0.0,None (0%)
apu_stat_trig,error8,0,0.0,None (0%)
apu_stat_trig,is_sensor_fault,0,0.0,None (0%)
weather_report,timestamp,0,0.0,None (0%)
weather_report,global_radiation_w_m2,0,0.0,None (0%)
weather_report,global_humidity_pct_rh,0,0.0,None (0%)
weather_report,global_temperature_c,0,0.0,None (0%)
weather_report,global_wind_speed_m_s,0,0.0,None (0%)
weather_report,inv_4_4_air_temp_c,0,0.0,None (0%)
weather_report,inv_4_4_module_1_c,0,0.0,None (0%)
weather_report,inv_4_4_module_2_c,0,0.0,None (0%)
weather_report,inv_4_4_module_3_c,0,0.0,None (0%)
weather_report,inv_4_4_radiation_1_w_m2,0,0.0,None (0%)
weather_report,inv_4_4_radiation_2_w_m2,0,0.0,None (0%)
weather_report,inv_8_5_air_temp_c,0,0.0,None (0%)
weather_report,inv_8_5_module_1_c,0,0.0,None (0%)
weather_report,inv_8_5_module_2_c,0,0.0,None (0%)
weather_report,inv_8_5_module_3_c,0,0.0,None (0%)
weather_report,inv_8_5_radiation_1_w_m2,0,0.0,None (0%)
weather_report,inv_8_5_radiation_2_w_m2,0,0.0,None (0%)
weather_report,inv_11_5_air_temp_c,0,0.0,None (0%)
weather_report,inv_11_5_module_1_c,0,0.0,None (0%)
weather_report,inv_11_5_module_2_c,0,0.0,None (0%)
weather_report,inv_11_5_module_3_c,0,0.0,None (0%)
weather_report,inv_11_5_radiation_1_w_m2,0,0.0,None (0%)
weather_report,inv_11_5_radiation_2_w_m2,0,0.0,None (0%)
weather_report,inv_20_4_air_temp_c,0,0.0,None (0%)
weather_report,inv_20_4_module_1_c,0,0.0,None (0%)
weather_report,inv_20_4_module_2_c,0,0.0,None (0%)
weather_report,inv_20_4_module_3_c,0,0.0,None (0%)
weather_report,inv_20_4_radiation_1_w_m2,0,0.0,None (0%)
weather_report,inv_20_4_radiation_2_w_m2,0,0.0,None (0%)
weather_report,inv_2_4_air_temp_c,0,0.0,None (0%)
weather_report,inv_2_4_module_temp_c,0,0.0,None (0%)
weather_report,inv_2_4_radiation_w_m2,0,0.0,None (0%)
weather_report,inv_5_4_air_temp_c,0,0.0,None (0%)
weather_report,inv_5_4_module_temp_c,0,0.0,None (0%)
weather_report,inv_5_4_radiation_w_m2,0,0.0,None (0%)
weather_report,inv_12_5_air_temp_c,0,0.0,None (0%)
weather_report,inv_12_5_module_temp_c,0,0.0,None (0%)
weather_report,inv_12_5_radiation_w_m2,0,0.0,None (0%)
weather_report,inv_13_4_air_temp_c,0,0.0,None (0%)
weather_report,inv_13_4_module_temp_c,0,0.0,None (0%)
weather_report,inv_13_4_radiation_w_m2,0,0.0,None (0%)
weather_report,inv_15_4_air_temp_c,0,0.0,None (0%)
weather_report,inv_15_4_module_temp_c,0,0.0,None (0%)
weather_report,inv_15_4_radiation_w_m2,0,0.0,None (0%)
weather_report,inv_2_417_4_air_temp_c,0,0.0,None (0%)
weather_report,inv_2_417_4_module_temp_c,0,0.0,None (0%)
weather_report,inv_2_417_4_radiation_w_m2,0,0.0,None (0%)
weather_report,inv_18_4_air_temp_c,0,0.0,None (0%)
weather_report,inv_18_4_module_temp_c,0,0.0,None (0%)
weather_report,inv_18_4_radiation_w_m2,0,0.0,None (0%)
weather_report,inv_22_4_air_temp_c,0,0.0,None (0%)
weather_report,inv_22_4_module_temp_c,0,0.0,None (0%)
weather_report,inv_22_4_radiation_w_m2,0,0.0,None (0%)
weather_report,is_sensor_fault,0,0.0,None (0%)
weather_report,global_radiation_w_m2_clipped,0,0.0,None (0%)
weather_report,inv_4_4_radiation_1_w_m2_clipped,0,0.0,None (0%)
weather_report,inv_4_4_radiation_2_w_m2_clipped,0,0.0,None (0%)
weather_report,inv_8_5_radiation_1_w_m2_clipped,0,0.0,None (0%)
weather_report,inv_8_5_radiation_2_w_m2_clipped,0,0.0,None (0%)
weather_report,inv_11_5_radiation_1_w_m2_clipped,0,0.0,None (0%)
weather_report,inv_11_5_radiation_2_w_m2_clipped,0,0.0,None (0%)
weather_report,inv_20_4_radiation_1_w_m2_clipped,0,0.0,None (0%)
weather_report,inv_20_4_radiation_2_w_m2_clipped,0,0.0,None (0%)
weather_report,inv_2_4_radiation_w_m2_clipped,0,0.0,None (0%)
weather_report,inv_5_4_radiation_w_m2_clipped,0,0.0,None (0%)
weather_report,inv_12_5_radiation_w_m2_clipped,0,0.0,None (0%)
weather_report,inv_13_4_radiation_w_m2_clipped,0,0.0,None (0%)
weather_report,inv_15_4_radiation_w_m2_clipped,0,0.0,None (0%)
weather_report,inv_2_417_4_radiation_w_m2_clipped,0,0.0,None (0%)
weather_report,inv_18_4_radiation_w_m2_clipped,0,0.0,None (0%)
weather_report,inv_22_4_radiation_w_m2_clipped,0,0.0,None (0%)
power_report,timestamp,0,0.0,None (0%)
power_report,radiation_w_m2,0,0.0,None (0%)
power_report,block_1_inv_1_ac_kw,3,0.01,Partial Missing (0.01%)
power_report,block_1_inv_1_dc_kw,3,0.01,Partial Missing (0.01%)
power_report,block_1_inv_2_ac_kw,3,0.01,Partial Missing (0.01%)
power_report,block_1_inv_2_dc_kw,3,0.01,Partial Missing (0.01%)
power_report,block_1_inv_3_ac_kw,3,0.01,Partial Missing (0.01%)
power_report,block_1_inv_3_dc_kw,3,0.01,Partial Missing (0.01%)
power_report,block_1_inv_4_ac_kw,3,0.01,Partial Missing (0.01%)
power_report,block_1_inv_4_dc_kw,3,0.01,Partial Missing (0.01%)
power_report,block_2_inv_1_ac_kw,3,0.01,Partial Missing (0.01%)
power_report,block_2_inv_1_dc_kw,3,0.01,Partial Missing (0.01%)
power_report,block_2_inv_2_ac_kw,3,0.01,Partial Missing (0.01%)
power_report,block_2_inv_2_dc_kw,3,0.01,Partial Missing (0.01%)
power_report,block_2_inv_3_ac_kw,3,0.01,Partial Missing (0.01%)
power_report,block_2_inv_3_dc_kw,3,0.01,Partial Missing (0.01%)
power_report,block_2_inv_4_ac_kw,3,0.01,Partial Missing (0.01%)
power_report,block_2_inv_4_dc_kw,3,0.01,Partial Missing (0.01%)
power_report,block_3_inv_1_ac_kw,3,0.01,Partial Missing (0.01%)
power_report,block_3_inv_1_dc_kw,3,0.01,Partial Missing (0.01%)
power_report,block_3_inv_2_ac_kw,3,0.01,Partial Missing (0.01%)
power_report,block_3_inv_2_dc_kw,3,0.01,Partial Missing (0.01%)
power_report,block_3_inv_3_ac_kw,3,0.01,Partial Missing (0.01%)
power_report,block_3_inv_3_dc_kw,3,0.01,Partial Missing (0.01%)
power_report,block_3_inv_4_ac_kw,3,0.01,Partial Missing (0.01%)
power_report,block_3_inv_4_dc_kw,3,0.01,Partial Missing (0.01%)
power_report,block_4_inv_1_ac_kw,3,0.01,Partial Missing (0.01%)
power_report,block_4_inv_1_dc_kw,3,0.01,Partial Missing (0.01%)
power_report,block_4_inv_2_ac_kw,3,0.01,Partial Missing (0.01%)
power_report,block_4_inv_2_dc_kw,3,0.01,Partial Missing (0.01%)
power_report,block_4_inv_3_ac_kw,3,0.01,Partial Missing (0.01%)
power_report,block_4_inv_3_dc_kw,3,0.01,Partial Missing (0.01%)
power_report,block_4_inv_4_ac_kw,3,0.01,Partial Missing (0.01%)
power_report,block_4_inv_4_dc_kw,3,0.01,Partial Missing (0.01%)
power_report,block_5_inv_1_ac_kw,3,0.01,Partial Missing (0.01%)
power_report,block_5_inv_1_dc_kw,3,0.01,Partial Missing (0.01%)
power_report,block_5_inv_2_ac_kw,3,0.01,Partial Missing (0.01%)
power_report,block_5_inv_2_dc_kw,3,0.01,Partial Missing (0.01%)
power_report,block_5_inv_3_ac_kw,3,0.01,Partial Missing (0.01%)
power_report,block_5_inv_3_dc_kw,3,0.01,Partial Missing (0.01%)
power_report,block_5_inv_4_ac_kw,3,0.01,Partial Missing (0.01%)
power_report,block_5_inv_4_dc_kw,3,0.01,Partial Missing (0.01%)
power_report,block_6_inv_1_ac_kw,3,0.01,Partial Missing (0.01%)
power_report,block_6_inv_1_dc_kw,3,0.01,Partial Missing (0.01%)
power_report,block_6_inv_2_ac_kw,3,0.01,Partial Missing (0.01%)
power_report,block_6_inv_2_dc_kw,3,0.01,Partial Missing (0.01%)
power_report,block_6_inv_3_ac_kw,3,0.01,Partial Missing (0.01%)
power_report,block_6_inv_3_dc_kw,3,0.01,Partial Missing (0.01%)
power_report,block_6_inv_4_ac_kw,3,0.01,Partial Missing (0.01%)
power_report,block_6_inv_4_dc_kw,3,0.01,Partial Missing (0.01%)
power_report,block_7_inv_1_ac_kw,3,0.01,Partial Missing (0.01%)
power_report,block_7_inv_1_dc_kw,3,0.01,Partial Missing (0.01%)
power_report,block_7_inv_2_ac_kw,3,0.01,Partial Missing (0.01%)
power_report,block_7_inv_2_dc_kw,3,0.01,Partial Missing (0.01%)
power_report,block_7_inv_3_ac_kw,3,0.01,Partial Missing (0.01%)
power_report,block_7_inv_3_dc_kw,3,0.01,Partial Missing (0.01%)
power_report,block_7_inv_4_ac_kw,2,0.01,Partial Missing (0.01%)
power_report,block_7_inv_4_dc_kw,2,0.01,Partial Missing (0.01%)
power_report,block_7_inv_5_ac_kw,2,0.01,Partial Missing (0.01%)
power_report,block_7_inv_5_dc_kw,2,0.01,Partial Missing (0.01%)
power_report,block_8_inv_1_ac_kw,2,0.01,Partial Missing (0.01%)
power_report,block_8_inv_1_dc_kw,2,0.01,Partial Missing (0.01%)
power_report,block_8_inv_2_ac_kw,2,0.01,Partial Missing (0.01%)
power_report,block_8_inv_2_dc_kw,2,0.01,Partial Missing (0.01%)
power_report,block_8_inv_3_ac_kw,2,0.01,Partial Missing (0.01%)
power_report,block_8_inv_3_dc_kw,2,0.01,Partial Missing (0.01%)
power_report,block_8_inv_4_ac_kw,2,0.01,Partial Missing (0.01%)
power_report,block_8_inv_4_dc_kw,2,0.01,Partial Missing (0.01%)
power_report,block_8_inv_5_ac_kw,2,0.01,Partial Missing (0.01%)
power_report,block_8_inv_5_dc_kw,2,0.01,Partial Missing (0.01%)
power_report,block_9_inv_1_ac_kw,2,0.01,Partial Missing (0.01%)
power_report,block_9_inv_1_dc_kw,2,0.01,Partial Missing (0.01%)
power_report,block_9_inv_2_ac_kw,2,0.01,Partial Missing (0.01%)
power_report,block_9_inv_2_dc_kw,2,0.01,Partial Missing (0.01%)
power_report,block_9_inv_3_ac_kw,2,0.01,Partial Missing (0.01%)
power_report,block_9_inv_3_dc_kw,2,0.01,Partial Missing (0.01%)
power_report,block_9_inv_4_ac_kw,2,0.01,Partial Missing (0.01%)
power_report,block_9_inv_4_dc_kw,2,0.01,Partial Missing (0.01%)
power_report,block_10_inv_1_ac_kw,2,0.01,Partial Missing (0.01%)
power_report,block_10_inv_1_dc_kw,2,0.01,Partial Missing (0.01%)
power_report,block_10_inv_2_ac_kw,2,0.01,Partial Missing (0.01%)
power_report,block_10_inv_2_dc_kw,2,0.01,Partial Missing (0.01%)
power_report,block_10_inv_3_ac_kw,2,0.01,Partial Missing (0.01%)
power_report,block_10_inv_3_dc_kw,2,0.01,Partial Missing (0.01%)
power_report,block_10_inv_4_ac_kw,2,0.01,Partial Missing (0.01%)
power_report,block_10_inv_4_dc_kw,2,0.01,Partial Missing (0.01%)
power_report,block_10_inv_5_ac_kw,2,0.01,Partial Missing (0.01%)
power_report,block_10_inv_5_dc_kw,2,0.01,Partial Missing (0.01%)
power_report,block_11_inv_1_ac_kw,2,0.01,Partial Missing (0.01%)
power_report,block_11_inv_1_dc_kw,2,0.01,Partial Missing (0.01%)
power_report,block_11_inv_2_ac_kw,2,0.01,Partial Missing (0.01%)
power_report,block_11_inv_2_dc_kw,2,0.01,Partial Missing (0.01%)
power_report,block_11_inv_3_ac_kw,2,0.01,Partial Missing (0.01%)
power_report,block_11_inv_3_dc_kw,2,0.01,Partial Missing (0.01%)
power_report,block_11_inv_4_ac_kw,2,0.01,Partial Missing (0.01%)
power_report,block_11_inv_4_dc_kw,2,0.01,Partial Missing (0.01%)
power_report,block_11_inv_5_ac_kw,2,0.01,Partial Missing (0.01%)
power_report,block_11_inv_5_dc_kw,2,0.01,Partial Missing (0.01%)
power_report,block_12_inv_1_ac_kw,2,0.01,Partial Missing (0.01%)
power_report,block_12_inv_1_dc_kw,2,0.01,Partial Missing (0.01%)
power_report,block_12_inv_2_ac_kw,2,0.01,Partial Missing (0.01%)
power_report,block_12_inv_2_dc_kw,2,0.01,Partial Missing (0.01%)
power_report,block_12_inv_3_ac_kw,2,0.01,Partial Missing (0.01%)
power_report,block_12_inv_3_dc_kw,2,0.01,Partial Missing (0.01%)
power_report,block_12_inv_4_ac_kw,2,0.01,Partial Missing (0.01%)
power_report,block_12_inv_4_dc_kw,2,0.01,Partial Missing (0.01%)
power_report,block_12_inv_5_ac_kw,2,0.01,Partial Missing (0.01%)
power_report,block_12_inv_5_dc_kw,2,0.01,Partial Missing (0.01%)
power_report,block_13_inv_1_ac_kw,2,0.01,Partial Missing (0.01%)
power_report,block_13_inv_1_dc_kw,2,0.01,Partial Missing (0.01%)
power_report,block_13_inv_2_ac_kw,2,0.01,Partial Missing (0.01%)
power_report,block_13_inv_2_dc_kw,2,0.01,Partial Missing (0.01%)
power_report,block_13_inv_3_ac_kw,2,0.01,Partial Missing (0.01%)
power_report,block_13_inv_3_dc_kw,2,0.01,Partial Missing (0.01%)
power_report,block_13_inv_4_ac_kw,2,0.01,Partial Missing (0.01%)
power_report,block_13_inv_4_dc_kw,2,0.01,Partial Missing (0.01%)
power_report,block_14_inv_1_ac_kw,2,0.01,Partial Missing (0.01%)
power_report,block_14_inv_1_dc_kw,2,0.01,Partial Missing (0.01%)
power_report,block_14_inv_2_ac_kw,2,0.01,Partial Missing (0.01%)
power_report,block_14_inv_2_dc_kw,2,0.01,Partial Missing (0.01%)
power_report,block_14_inv_3_ac_kw,2,0.01,Partial Missing (0.01%)
power_report,block_14_inv_3_dc_kw,2,0.01,Partial Missing (0.01%)
power_report,block_14_inv_4_ac_kw,2,0.01,Partial Missing (0.01%)
power_report,block_14_inv_4_dc_kw,2,0.01,Partial Missing (0.01%)
power_report,block_15_inv_1_ac_kw,2,0.01,Partial Missing (0.01%)
power_report,block_15_inv_1_dc_kw,2,0.01,Partial Missing (0.01%)
power_report,block_15_inv_2_ac_kw,2,0.01,Partial Missing (0.01%)
power_report,block_15_inv_2_dc_kw,2,0.01,Partial Missing (0.01%)
power_report,block_15_inv_3_ac_kw,2,0.01,Partial Missing (0.01%)
power_report,block_15_inv_3_dc_kw,2,0.01,Partial Missing (0.01%)
power_report,block_15_inv_4_ac_kw,2,0.01,Partial Missing (0.01%)
power_report,block_15_inv_4_dc_kw,2,0.01,Partial Missing (0.01%)
power_report,block_16_inv_1_ac_kw,2,0.01,Partial Missing (0.01%)
power_report,block_16_inv_1_dc_kw,2,0.01,Partial Missing (0.01%)
power_report,block_16_inv_2_ac_kw,2,0.01,Partial Missing (0.01%)
power_report,block_16_inv_2_dc_kw,2,0.01,Partial Missing (0.01%)
power_report,block_16_inv_3_ac_kw,2,0.01,Partial Missing (0.01%)
power_report,block_16_inv_3_dc_kw,2,0.01,Partial Missing (0.01%)
power_report,block_16_inv_4_ac_kw,2,0.01,Partial Missing (0.01%)
power_report,block_16_inv_4_dc_kw,2,0.01,Partial Missing (0.01%)
power_report,block_17_inv_1_ac_kw,2,0.01,Partial Missing (0.01%)
power_report,block_17_inv_1_dc_kw,2,0.01,Partial Missing (0.01%)
power_report,block_17_inv_2_ac_kw,2,0.01,Partial Missing (0.01%)
power_report,block_17_inv_2_dc_kw,2,0.01,Partial Missing (0.01%)
power_report,block_17_inv_3_ac_kw,2,0.01,Partial Missing (0.01%)
power_report,block_17_inv_3_dc_kw,2,0.01,Partial Missing (0.01%)
power_report,block_17_inv_4_ac_kw,2,0.01,Partial Missing (0.01%)
power_report,block_17_inv_4_dc_kw,2,0.01,Partial Missing (0.01%)
power_report,block_18_inv_1_ac_kw,2,0.01,Partial Missing (0.01%)
power_report,block_18_inv_1_dc_kw,2,0.01,Partial Missing (0.01%)
power_report,block_18_inv_2_ac_kw,2,0.01,Partial Missing (0.01%)
power_report,block_18_inv_2_dc_kw,2,0.01,Partial Missing (0.01%)
power_report,block_18_inv_3_ac_kw,2,0.01,Partial Missing (0.01%)
power_report,block_18_inv_3_dc_kw,2,0.01,Partial Missing (0.01%)
power_report,block_18_inv_4_ac_kw,2,0.01,Partial Missing (0.01%)
power_report,block_18_inv_4_dc_kw,2,0.01,Partial Missing (0.01%)
power_report,block_19_inv_1_ac_kw,2,0.01,Partial Missing (0.01%)
power_report,block_19_inv_1_dc_kw,2,0.01,Partial Missing (0.01%)
power_report,block_19_inv_2_ac_kw,2,0.01,Partial Missing (0.01%)
power_report,block_19_inv_2_dc_kw,2,0.01,Partial Missing (0.01%)
power_report,block_19_inv_3_ac_kw,2,0.01,Partial Missing (0.01%)
power_report,block_19_inv_3_dc_kw,2,0.01,Partial Missing (0.01%)
power_report,block_19_inv_4_ac_kw,2,0.01,Partial Missing (0.01%)
power_report,block_19_inv_4_dc_kw,2,0.01,Partial Missing (0.01%)
power_report,block_20_inv_1_ac_kw,2,0.01,Partial Missing (0.01%)
power_report,block_20_inv_1_dc_kw,2,0.01,Partial Missing (0.01%)
power_report,block_20_inv_2_ac_kw,2,0.01,Partial Missing (0.01%)
power_report,block_20_inv_2_dc_kw,2,0.01,Partial Missing (0.01%)
power_report,block_20_inv_3_ac_kw,2,0.01,Partial Missing (0.01%)
power_report,block_20_inv_3_dc_kw,2,0.01,Partial Missing (0.01%)
power_report,block_20_inv_4_ac_kw,2,0.01,Partial Missing (0.01%)
power_report,block_20_inv_4_dc_kw,2,0.01,Partial Missing (0.01%)
power_report,block_21_inv_1_ac_kw,2,0.01,Partial Missing (0.01%)
power_report,block_21_inv_1_dc_kw,2,0.01,Partial Missing (0.01%)
power_report,block_21_inv_2_ac_kw,2,0.01,Partial Missing (0.01%)
power_report,block_21_inv_2_dc_kw,2,0.01,Partial Missing (0.01%)
power_report,block_21_inv_3_ac_kw,2,0.01,Partial Missing (0.01%)
power_report,block_21_inv_3_dc_kw,2,0.01,Partial Missing (0.01%)
power_report,block_21_inv_4_ac_kw,2,0.01,Partial Missing (0.01%)
power_report,block_21_inv_4_dc_kw,2,0.01,Partial Missing (0.01%)
power_report,block_22_inv_1_ac_kw,2,0.01,Partial Missing (0.01%)
power_report,block_22_inv_1_dc_kw,2,0.01,Partial Missing (0.01%)
power_report,block_22_inv_2_ac_kw,2,0.01,Partial Missing (0.01%)
power_report,block_22_inv_2_dc_kw,2,0.01,Partial Missing (0.01%)
power_report,block_22_inv_3_ac_kw,2,0.01,Partial Missing (0.01%)
power_report,block_22_inv_3_dc_kw,2,0.01,Partial Missing (0.01%)
power_report,block_22_inv_4_ac_kw,2,0.01,Partial Missing (0.01%)
power_report,block_22_inv_4_dc_kw,2,0.01,Partial Missing (0.01%)
power_report,block_23_inv_1_ac_kw,2,0.01,Partial Missing (0.01%)
power_report,block_23_inv_1_dc_kw,2,0.01,Partial Missing (0.01%)
power_report,block_23_inv_2_ac_kw,2,0.01,Partial Missing (0.01%)
power_report,block_23_inv_2_dc_kw,2,0.01,Partial Missing (0.01%)
power_report,block_23_inv_3_ac_kw,2,0.01,Partial Missing (0.01%)
power_report,block_23_inv_3_dc_kw,2,0.01,Partial Missing (0.01%)
power_report,block_23_inv_4_ac_kw,2,0.01,Partial Missing (0.01%)
power_report,block_23_inv_4_dc_kw,2,0.01,Partial Missing (0.01%)
power_report,block_24_inv_1_ac_kw,2,0.01,Partial Missing (0.01%)
power_report,block_24_inv_1_dc_kw,2,0.01,Partial Missing (0.01%)
power_report,block_24_inv_2_ac_kw,2,0.01,Partial Missing (0.01%)
power_report,block_24_inv_2_dc_kw,2,0.01,Partial Missing (0.01%)
power_report,block_24_inv_3_ac_kw,2,0.01,Partial Missing (0.01%)
power_report,block_24_inv_3_dc_kw,2,0.01,Partial Missing (0.01%)
power_report,block_24_inv_4_ac_kw,2,0.01,Partial Missing (0.01%)
power_report,block_24_inv_4_dc_kw,1,0.0,Partial Missing (0.0%)
power_report,block_24_inv_5_ac_kw,1,0.0,Partial Missing (0.0%)
power_report,block_24_inv_5_dc_kw,1,0.0,Partial Missing (0.0%)
power_report,is_sensor_fault,0,0.0,None (0%)
power_report,radiation_clipped_w_m2,0,0.0,None (0%)
energy_report,timestamp,0,0.0,None (0%)
energy_report,block_1_inv_1_mwh,0,0.0,None (0%)
energy_report,block_1_inv_2_mwh,0,0.0,None (0%)
energy_report,block_1_inv_3_mwh,0,0.0,None (0%)
energy_report,block_1_inv_4_mwh,0,0.0,None (0%)
energy_report,block_2_inv_1_mwh,0,0.0,None (0%)
energy_report,block_2_inv_2_mwh,0,0.0,None (0%)
energy_report,block_2_inv_3_mwh,0,0.0,None (0%)
energy_report,block_2_inv_4_mwh,0,0.0,None (0%)
energy_report,block_3_inv_1_mwh,0,0.0,None (0%)
energy_report,block_3_inv_2_mwh,0,0.0,None (0%)
energy_report,block_3_inv_3_mwh,0,0.0,None (0%)
energy_report,block_3_inv_4_mwh,0,0.0,None (0%)
energy_report,block_4_inv_1_mwh,0,0.0,None (0%)
energy_report,block_4_inv_2_mwh,0,0.0,None (0%)
energy_report,block_4_inv_3_mwh,0,0.0,None (0%)
energy_report,block_4_inv_4_mwh,0,0.0,None (0%)
energy_report,block_5_inv_1_mwh,0,0.0,None (0%)
energy_report,block_5_inv_2_mwh,0,0.0,None (0%)
energy_report,block_5_inv_3_mwh,0,0.0,None (0%)
energy_report,block_5_inv_4_mwh,0,0.0,None (0%)
energy_report,block_6_inv_1_mwh,0,0.0,None (0%)
energy_report,block_6_inv_2_mwh,0,0.0,None (0%)
energy_report,block_6_inv_3_mwh,0,0.0,None (0%)
energy_report,block_6_inv_4_mwh,0,0.0,None (0%)
energy_report,block_7_inv_1_mwh,0,0.0,None (0%)
energy_report,block_7_inv_2_mwh,0,0.0,None (0%)
energy_report,block_7_inv_3_mwh,0,0.0,None (0%)
energy_report,block_7_inv_4_mwh,0,0.0,None (0%)
energy_report,block_7_inv_5_mwh,0,0.0,None (0%)
energy_report,block_8_inv_1_mwh,0,0.0,None (0%)
energy_report,block_8_inv_2_mwh,0,0.0,None (0%)
energy_report,block_8_inv_3_mwh,0,0.0,None (0%)
energy_report,block_8_inv_4_mwh,0,0.0,None (0%)
energy_report,block_8_inv_5_mwh,0,0.0,None (0%)
energy_report,block_9_inv_1_mwh,0,0.0,None (0%)
energy_report,block_9_inv_2_mwh,0,0.0,None (0%)
energy_report,block_9_inv_3_mwh,0,0.0,None (0%)
energy_report,block_9_inv_4_mwh,0,0.0,None (0%)
energy_report,block_10_inv_1_mwh,0,0.0,None (0%)
energy_report,block_10_inv_2_mwh,0,0.0,None (0%)
energy_report,block_10_inv_3_mwh,0,0.0,None (0%)
energy_report,block_10_inv_4_mwh,0,0.0,None (0%)
energy_report,block_10_inv_5_mwh,0,0.0,None (0%)
energy_report,block_11_inv_1_mwh,0,0.0,None (0%)
energy_report,block_11_inv_2_mwh,0,0.0,None (0%)
energy_report,block_11_inv_3_mwh,0,0.0,None (0%)
energy_report,block_11_inv_4_mwh,0,0.0,None (0%)
energy_report,block_11_inv_5_mwh,0,0.0,None (0%)
energy_report,block_12_inv_1_mwh,0,0.0,None (0%)
energy_report,block_12_inv_2_mwh,0,0.0,None (0%)
energy_report,block_12_inv_3_mwh,0,0.0,None (0%)
energy_report,block_12_inv_4_mwh,0,0.0,None (0%)
energy_report,block_12_inv_5_mwh,0,0.0,None (0%)
energy_report,block_13_inv_1_mwh,0,0.0,None (0%)
energy_report,block_13_inv_2_mwh,0,0.0,None (0%)
energy_report,block_13_inv_3_mwh,0,0.0,None (0%)
energy_report,block_13_inv_4_mwh,0,0.0,None (0%)
energy_report,block_14_inv_1_mwh,0,0.0,None (0%)
energy_report,block_14_inv_2_mwh,0,0.0,None (0%)
energy_report,block_14_inv_3_mwh,0,0.0,None (0%)
energy_report,block_14_inv_4_mwh,0,0.0,None (0%)
energy_report,block_15_inv_1_mwh,0,0.0,None (0%)
energy_report,block_15_inv_2_mwh,0,0.0,None (0%)
energy_report,block_15_inv_3_mwh,0,0.0,None (0%)
energy_report,block_15_inv_4_mwh,0,0.0,None (0%)
energy_report,block_16_inv_1_mwh,0,0.0,None (0%)
energy_report,block_16_inv_2_mwh,0,0.0,None (0%)
energy_report,block_16_inv_3_mwh,0,0.0,None (0%)
energy_report,block_16_inv_4_mwh,0,0.0,None (0%)
energy_report,block_17_inv_1_mwh,0,0.0,None (0%)
energy_report,block_17_inv_2_mwh,0,0.0,None (0%)
energy_report,block_17_inv_3_mwh,0,0.0,None (0%)
energy_report,block_17_inv_4_mwh,0,0.0,None (0%)
energy_report,block_18_inv_1_mwh,0,0.0,None (0%)
energy_report,block_18_inv_2_mwh,0,0.0,None (0%)
energy_report,block_18_inv_3_mwh,0,0.0,None (0%)
energy_report,block_18_inv_4_mwh,0,0.0,None (0%)
energy_report,block_19_inv_1_mwh,0,0.0,None (0%)
energy_report,block_19_inv_2_mwh,0,0.0,None (0%)
energy_report,block_19_inv_3_mwh,0,0.0,None (0%)
energy_report,block_19_inv_4_mwh,0,0.0,None (0%)
energy_report,block_20_inv_1_mwh,0,0.0,None (0%)
energy_report,block_20_inv_2_mwh,0,0.0,None (0%)
energy_report,block_20_inv_3_mwh,0,0.0,None (0%)
energy_report,block_20_inv_4_mwh,0,0.0,None (0%)
energy_report,block_21_inv_1_mwh,0,0.0,None (0%)
energy_report,block_21_inv_2_mwh,0,0.0,None (0%)
energy_report,block_21_inv_3_mwh,0,0.0,None (0%)
energy_report,block_21_inv_4_mwh,0,0.0,None (0%)
energy_report,block_22_inv_1_mwh,0,0.0,None (0%)
energy_report,block_22_inv_2_mwh,0,0.0,None (0%)
energy_report,block_22_inv_3_mwh,0,0.0,None (0%)
energy_report,block_22_inv_4_mwh,0,0.0,None (0%)
energy_report,block_23_inv_1_mwh,0,0.0,None (0%)
energy_report,block_23_inv_2_mwh,0,0.0,None (0%)
energy_report,block_23_inv_3_mwh,0,0.0,None (0%)
energy_report,block_23_inv_4_mwh,0,0.0,None (0%)
energy_report,block_24_inv_1_mwh,0,0.0,None (0%)
energy_report,block_24_inv_2_mwh,0,0.0,None (0%)
energy_report,block_24_inv_3_mwh,0,0.0,None (0%)
energy_report,block_24_inv_4_mwh,0,0.0,None (0%)
energy_report,block_24_inv_5_mwh,0,0.0,None (0%)
energy_report,is_sensor_fault,0,0.0,None (0%)
